﻿<?xml version="1.0" encoding="utf-8"?>
<deployment>
  <id>01210808-54b3-49b8-8d40-71a01873d0e8</id>
  <author>N/A</author>
  <deployer>OneDeploy</deployer>
  <authorEmail>N/A</authorEmail>
  <message>OneDeploy</message>
  <progress></progress>
  <status>Failed</status>
  <statusText></statusText>
  <lastSuccessEndTime />
  <receivedTime>2025-08-28T18:41:18.7562892Z</receivedTime>
  <startTime>2025-08-28T18:41:21.4336261Z</startTime>
  <endTime>2025-08-28T18:41:36.1584742Z</endTime>
  <complete>True</complete>
  <is_temp>False</is_temp>
  <is_readonly>True</is_readonly>
  <buildSummary />
</deployment>